<?xml version="1.0" encoding="UTF-8"?>
<alto xmlns:xsi="http://www.w3.org/2001/XMLSchema-instance" xsi:noNamespaceSchemaLocation="http://www.bl.uk/schemas/alto/alto-1-4.xsd" xmlns:xlink="http://www.w3.org/1999/xlink">
	<Description>
		<MeasurementUnit>mm10</MeasurementUnit>
		<sourceImageInformation>
			<fileName>//head1/IN/A0010097736/001166.jp2</fileName>
		</sourceImageInformation>
		<OCRProcessing ID="OCRPROCESSING_1">
			<preProcessingStep>
				<processingSoftware>
					<softwareCreator>CCS Content Conversion Specialists GmbH, Germany</softwareCreator>
					<softwareName>CCS docWORKS</softwareName>
					<softwareVersion>6.1-0.62</softwareVersion>
				</processingSoftware>
			</preProcessingStep>
			<ocrProcessingStep>
				<processingSoftware>
					<softwareCreator>ABBYY (BIT Software), Russia</softwareCreator>
					<softwareName>Finereader</softwareName>
				</processingSoftware>
			</ocrProcessingStep>
		</OCRProcessing>
	</Description>
	<Styles>
		<TextStyle ID="TXT_0" FONTSIZE="11" FONTFAMILY="Courier New"/>
		<TextStyle ID="TXT_1" FONTSIZE="9" FONTFAMILY="Courier New"/>
		<TextStyle ID="TXT_2" FONTSIZE="10" FONTFAMILY="Courier New"/>
		<ParagraphStyle ID="PAR_CENTER" ALIGN="Center"/>
		<ParagraphStyle ID="PAR_LEFT" ALIGN="Left"/>
	</Styles>
	<Layout>
		<Page ID="P56" PHYSICAL_IMG_NR="56" HEIGHT="1883" WIDTH="1059" PRINTED_IMG_NR="42" POSITION="Left" ACCURACY="60.42">
			<TopMargin ID="P56_TM00001" HPOS="0" VPOS="0" WIDTH="1059" HEIGHT="134">
				<TextBlock ID="P56_TB00001" HPOS="505" VPOS="107" WIDTH="41" HEIGHT="25" STYLEREFS="TXT_0 PAR_CENTER">
					<TextLine ID="P56_TL00001" HPOS="505" VPOS="107" WIDTH="41" HEIGHT="25">
						<String ID="P56_ST00001" HPOS="505" VPOS="107" WIDTH="41" HEIGHT="25" CONTENT="42" WC="1.00" CC="00"/>
					</TextLine>
				</TextBlock>
			</TopMargin>
			<LeftMargin ID="P56_LM00001" HPOS="0" VPOS="134" WIDTH="98" HEIGHT="1618"/>
			<RightMargin ID="P56_RM00001" HPOS="955" VPOS="134" WIDTH="104" HEIGHT="1618"/>
			<BottomMargin ID="P56_BM00001" HPOS="0" VPOS="1752" WIDTH="1059" HEIGHT="130"/>
			<PrintSpace ID="P56_PS00001" HPOS="98" VPOS="134" WIDTH="857" HEIGHT="1628">
				<TextBlock ID="P56_TB00002" HPOS="98" VPOS="176" WIDTH="856" HEIGHT="516" STYLEREFS="TXT_1 PAR_LEFT">
					<TextLine ID="P56_TL00002" HPOS="100" VPOS="177" WIDTH="854" HEIGHT="42">
						<String ID="P56_ST00002" HPOS="100" VPOS="183" WIDTH="59" HEIGHT="31" CONTENT="this" WC="0.48" CC="7750"/>
						<SP ID="P56_SP00001" HPOS="159" VPOS="214" WIDTH="28"/>
						<String ID="P56_ST00003" HPOS="187" VPOS="188" WIDTH="78" HEIGHT="26" CONTENT="most" WC="0.58" CC="5046"/>
						<SP ID="P56_SP00002" HPOS="265" VPOS="214" WIDTH="28"/>
						<String ID="P56_ST00004" HPOS="293" VPOS="179" WIDTH="174" HEIGHT="40" CONTENT="interesting" WC="0.70" CC="04050556202"/>
						<SP ID="P56_SP00003" HPOS="467" VPOS="219" WIDTH="27"/>
						<String ID="P56_ST00005" HPOS="494" VPOS="177" WIDTH="190" HEIGHT="42" CONTENT="gentleman;" WC="0.72" CC="0004310764"/>
						<String ID="P56_ST00006" HPOS="687" VPOS="195" WIDTH="42" HEIGHT="6" CONTENT="—" WC="0.20" CC="8"/>
						<String ID="P56_ST00007" HPOS="730" VPOS="178" WIDTH="74" HEIGHT="41" CONTENT="they" WC="0.58" CC="5703"/>
						<SP ID="P56_SP00004" HPOS="804" VPOS="219" WIDTH="28"/>
						<String ID="P56_ST00008" HPOS="832" VPOS="177" WIDTH="122" HEIGHT="31" CONTENT="insisted" WC="0.59" CC="35066730"/>
					</TextLine>
					<TextLine ID="P56_TL00003" HPOS="100" VPOS="219" WIDTH="854" HEIGHT="44">
						<String ID="P56_ST00009" HPOS="100" VPOS="227" WIDTH="65" HEIGHT="30" CONTENT="that" WC="0.42" CC="5636"/>
						<SP ID="P56_SP00005" HPOS="165" VPOS="257" WIDTH="29"/>
						<String ID="P56_ST00010" HPOS="194" VPOS="225" WIDTH="37" HEIGHT="30" CONTENT="he" WC="0.65" CC="70"/>
						<SP ID="P56_SP00006" HPOS="231" VPOS="257" WIDTH="28"/>
						<String ID="P56_ST00011" HPOS="259" VPOS="225" WIDTH="60" HEIGHT="29" CONTENT="had" WC="0.55" CC="075"/>
						<SP ID="P56_SP00007" HPOS="319" VPOS="257" WIDTH="29"/>
						<String ID="P56_ST00012" HPOS="348" VPOS="223" WIDTH="72" HEIGHT="40" CONTENT="only" WC="0.64" CC="0472"/>
						<SP ID="P56_SP00008" HPOS="420" VPOS="263" WIDTH="24"/>
						<String ID="P56_ST00013" HPOS="444" VPOS="220" WIDTH="97" HEIGHT="43" CONTENT="p'ass'd" WC="0.57" CC="8680140"/>
						<SP ID="P56_SP00009" HPOS="541" VPOS="263" WIDTH="25"/>
						<String ID="P56_ST00014" HPOS="566" VPOS="220" WIDTH="53" HEIGHT="31" CONTENT="the" WC="0.79" CC="600"/>
						<SP ID="P56_SP00010" HPOS="619" VPOS="263" WIDTH="26"/>
						<String ID="P56_ST00015" HPOS="645" VPOS="220" WIDTH="62" HEIGHT="31" CONTENT="first" WC="0.66" CC="55004"/>
						<SP ID="P56_SP00011" HPOS="707" VPOS="263" WIDTH="28"/>
						<String ID="P56_ST00016" HPOS="735" VPOS="230" WIDTH="95" HEIGHT="28" CONTENT="court," WC="0.72" CC="006306"/>
						<SP ID="P56_SP00012" HPOS="830" VPOS="263" WIDTH="36"/>
						<String ID="P56_ST00017" HPOS="866" VPOS="219" WIDTH="88" HEIGHT="32" CONTENT="when" WC="0.69" CC="0047"/>
					</TextLine>
					<TextLine ID="P56_TL00004" HPOS="99" VPOS="264" WIDTH="855" HEIGHT="45">
						<String ID="P56_ST00018" HPOS="99" VPOS="269" WIDTH="39" HEIGHT="30" CONTENT="he" WC="0.68" CC="60"/>
						<SP ID="P56_SP00013" HPOS="138" VPOS="299" WIDTH="23"/>
						<String ID="P56_ST00019" HPOS="161" VPOS="267" WIDTH="202" HEIGHT="42" CONTENT="disappeared," WC="0.66" CC="250606060037"/>
						<SP ID="P56_SP00014" HPOS="363" VPOS="309" WIDTH="27"/>
						<String ID="P56_ST00020" HPOS="390" VPOS="266" WIDTH="58" HEIGHT="29" CONTENT="and" WC="0.31" CC="676"/>
						<SP ID="P56_SP00015" HPOS="448" VPOS="309" WIDTH="24"/>
						<String ID="P56_ST00021" HPOS="472" VPOS="272" WIDTH="80" HEIGHT="24" CONTENT="must" WC="0.91" CC="0102"/>
						<SP ID="P56_SP00016" HPOS="552" VPOS="309" WIDTH="23"/>
						<String ID="P56_ST00022" HPOS="575" VPOS="264" WIDTH="76" HEIGHT="30" CONTENT="have" WC="0.75" CC="0630"/>
						<SP ID="P56_SP00017" HPOS="651" VPOS="309" WIDTH="23"/>
						<String ID="P56_ST00023" HPOS="674" VPOS="266" WIDTH="122" HEIGHT="29" CONTENT="entered" WC="0.68" CC="0246026"/>
						<SP ID="P56_SP00018" HPOS="796" VPOS="309" WIDTH="23"/>
						<String ID="P56_ST00024" HPOS="819" VPOS="275" WIDTH="16" HEIGHT="20" CONTENT="a" WC="0.26" CC="7"/>
						<SP ID="P56_SP00019" HPOS="835" VPOS="309" WIDTH="23"/>
						<String ID="P56_ST00025" HPOS="858" VPOS="264" WIDTH="96" HEIGHT="31" CONTENT="house" WC="0.66" CC="30470"/>
					</TextLine>
					<TextLine ID="P56_TL00005" HPOS="99" VPOS="308" WIDTH="854" HEIGHT="42">
						<String ID="P56_ST00026" HPOS="99" VPOS="313" WIDTH="30" HEIGHT="29" CONTENT="in" WC="0.58" CC="80"/>
						<SP ID="P56_SP00020" HPOS="129" VPOS="342" WIDTH="21"/>
						<String ID="P56_ST00027" HPOS="150" VPOS="312" WIDTH="45" HEIGHT="29" CONTENT="it's" WC="0.62" CC="6071"/>
						<SP ID="P56_SP00021" HPOS="195" VPOS="342" WIDTH="21"/>
						<String ID="P56_ST00028" HPOS="216" VPOS="310" WIDTH="135" HEIGHT="40" CONTENT="vicinity," WC="0.76" CC="020306025"/>
						<SP ID="P56_SP00022" HPOS="351" VPOS="350" WIDTH="23"/>
						<String ID="P56_ST00029" HPOS="374" VPOS="308" WIDTH="101" HEIGHT="30" CONTENT="which" WC="0.75" CC="60500"/>
						<SP ID="P56_SP00023" HPOS="475" VPOS="350" WIDTH="23"/>
						<String ID="P56_ST00030" HPOS="498" VPOS="308" WIDTH="53" HEIGHT="30" CONTENT="the" WC="0.98" CC="000"/>
						<SP ID="P56_SP00024" HPOS="551" VPOS="350" WIDTH="24"/>
						<String ID="P56_ST00031" HPOS="575" VPOS="308" WIDTH="143" HEIGHT="29" CONTENT="darkness" WC="0.76" CC="54350000"/>
						<SP ID="P56_SP00025" HPOS="718" VPOS="350" WIDTH="22"/>
						<String ID="P56_ST00032" HPOS="740" VPOS="308" WIDTH="52" HEIGHT="29" CONTENT="did" WC="0.75" CC="420"/>
						<SP ID="P56_SP00026" HPOS="792" VPOS="350" WIDTH="24"/>
						<String ID="P56_ST00033" HPOS="816" VPOS="316" WIDTH="53" HEIGHT="22" CONTENT="not" WC="0.50" CC="707"/>
						<SP ID="P56_SP00027" HPOS="869" VPOS="350" WIDTH="17"/>
						<String ID="P56_ST00034" HPOS="886" VPOS="318" WIDTH="67" HEIGHT="31" CONTENT="per" SUBS_TYPE="HypPart1" SUBS_CONTENT="permit" WC="0.59" CC="2453"/>
						<HYP CONTENT="-"/>
					</TextLine>
					<TextLine ID="P56_TL00006" HPOS="99" VPOS="351" WIDTH="855" HEIGHT="40">
						<String ID="P56_ST00035" HPOS="99" VPOS="356" WIDTH="55" HEIGHT="29" CONTENT="mit" SUBS_TYPE="HypPart2" SUBS_CONTENT="permit" WC="0.70" CC="305"/>
						<SP ID="P56_SP00028" HPOS="154" VPOS="385" WIDTH="27"/>
						<String ID="P56_ST00036" HPOS="181" VPOS="365" WIDTH="46" HEIGHT="20" CONTENT="me" WC="1.00" CC="00"/>
						<SP ID="P56_SP00029" HPOS="227" VPOS="385" WIDTH="30"/>
						<String ID="P56_ST00037" HPOS="257" VPOS="362" WIDTH="31" HEIGHT="22" CONTENT="to" WC="0.69" CC="60"/>
						<SP ID="P56_SP00030" HPOS="288" VPOS="385" WIDTH="27"/>
						<String ID="P56_ST00038" HPOS="315" VPOS="351" WIDTH="178" HEIGHT="40" CONTENT="distinguish" WC="0.60" CC="34176601660"/>
						<SP ID="P56_SP00031" HPOS="493" VPOS="391" WIDTH="32"/>
						<String ID="P56_ST00039" HPOS="525" VPOS="351" WIDTH="125" HEIGHT="40" CONTENT="clearly;" WC="0.73" CC="07005313"/>
						<String ID="P56_ST00040" HPOS="654" VPOS="369" WIDTH="41" HEIGHT="4" CONTENT="—" WC="0.20" CC="8"/>
						<String ID="P56_ST00041" HPOS="697" VPOS="351" WIDTH="56" HEIGHT="29" CONTENT="but" WC="0.72" CC="114"/>
						<SP ID="P56_SP00032" HPOS="753" VPOS="391" WIDTH="26"/>
						<String ID="P56_ST00042" HPOS="779" VPOS="351" WIDTH="22" HEIGHT="29" CONTENT="it" WC="0.39" CC="56"/>
						<SP ID="P56_SP00033" HPOS="801" VPOS="391" WIDTH="28"/>
						<String ID="P56_ST00043" HPOS="829" VPOS="352" WIDTH="23" HEIGHT="29" CONTENT="is" WC="0.68" CC="32"/>
						<SP ID="P56_SP00034" HPOS="852" VPOS="391" WIDTH="32"/>
						<String ID="P56_ST00044" HPOS="884" VPOS="361" WIDTH="70" HEIGHT="20" CONTENT="near" WC="0.66" CC="0462"/>
					</TextLine>
					<TextLine ID="P56_TL00007" HPOS="100" VPOS="393" WIDTH="850" HEIGHT="42">
						<String ID="P56_ST00045" HPOS="100" VPOS="398" WIDTH="65" HEIGHT="30" CONTENT="that" WC="0.53" CC="6083"/>
						<SP ID="P56_SP00035" HPOS="165" VPOS="428" WIDTH="25"/>
						<String ID="P56_ST00046" HPOS="190" VPOS="397" WIDTH="36" HEIGHT="30" CONTENT="of" WC="0.70" CC="05"/>
						<SP ID="P56_SP00036" HPOS="226" VPOS="428" WIDTH="21"/>
						<String ID="P56_ST00047" HPOS="247" VPOS="396" WIDTH="52" HEIGHT="30" CONTENT="the" WC="0.90" CC="020"/>
						<SP ID="P56_SP00037" HPOS="299" VPOS="428" WIDTH="27"/>
						<String ID="P56_ST00048" HPOS="326" VPOS="396" WIDTH="119" HEIGHT="30" CONTENT="Senator" WC="0.40" CC="7547770"/>
						<SP ID="P56_SP00038" HPOS="445" VPOS="428" WIDTH="21"/>
						<String ID="P56_ST00049" HPOS="466" VPOS="394" WIDTH="117" HEIGHT="39" CONTENT="Alfieri." WC="0.60" CC="67007026"/>
						<SP ID="P56_SP00039" HPOS="583" VPOS="433" WIDTH="45"/>
						<String ID="P56_ST00050" HPOS="628" VPOS="394" WIDTH="14" HEIGHT="30" CONTENT="I" WC="0.67" CC="3"/>
						<SP ID="P56_SP00040" HPOS="642" VPOS="433" WIDTH="25"/>
						<String ID="P56_ST00051" HPOS="667" VPOS="393" WIDTH="177" HEIGHT="42" CONTENT="dispatched" WC="0.84" CC="0002720400"/>
						<SP ID="P56_SP00041" HPOS="844" VPOS="435" WIDTH="29"/>
						<String ID="P56_ST00052" HPOS="873" VPOS="395" WIDTH="77" HEIGHT="40" CONTENT="Spa" SUBS_TYPE="HypPart1" SUBS_CONTENT="Spalatro" WC="0.72" CC="0082"/>
						<HYP CONTENT="-"/>
					</TextLine>
					<TextLine ID="P56_TL00008" HPOS="99" VPOS="436" WIDTH="851" HEIGHT="43">
						<String ID="P56_ST00053" HPOS="99" VPOS="442" WIDTH="75" HEIGHT="29" CONTENT="latro" SUBS_TYPE="HypPart2" SUBS_CONTENT="Spalatro" WC="0.83" CC="17000"/>
						<SP ID="P56_SP00042" HPOS="174" VPOS="471" WIDTH="25"/>
						<String ID="P56_ST00054" HPOS="199" VPOS="447" WIDTH="31" HEIGHT="22" CONTENT="to" WC="0.66" CC="60"/>
						<SP ID="P56_SP00043" HPOS="230" VPOS="471" WIDTH="25"/>
						<String ID="P56_ST00055" HPOS="255" VPOS="438" WIDTH="99" HEIGHT="30" CONTENT="watch" WC="0.59" CC="38205"/>
						<SP ID="P56_SP00044" HPOS="354" VPOS="471" WIDTH="25"/>
						<String ID="P56_ST00056" HPOS="379" VPOS="438" WIDTH="52" HEIGHT="30" CONTENT="the" WC="0.83" CC="500"/>
						<SP ID="P56_SP00045" HPOS="431" VPOS="471" WIDTH="27"/>
						<String ID="P56_ST00057" HPOS="458" VPOS="438" WIDTH="78" HEIGHT="30" CONTENT="back" WC="0.78" CC="0601"/>
						<SP ID="P56_SP00046" HPOS="536" VPOS="471" WIDTH="26"/>
						<String ID="P56_ST00058" HPOS="562" VPOS="444" WIDTH="65" HEIGHT="35" CONTENT="part" WC="0.77" CC="4210"/>
						<SP ID="P56_SP00047" HPOS="627" VPOS="479" WIDTH="28"/>
						<String ID="P56_ST00059" HPOS="655" VPOS="436" WIDTH="37" HEIGHT="31" CONTENT="of" WC="0.77" CC="04"/>
						<SP ID="P56_SP00048" HPOS="692" VPOS="479" WIDTH="22"/>
						<String ID="P56_ST00060" HPOS="714" VPOS="436" WIDTH="58" HEIGHT="32" CONTENT="this" WC="0.77" CC="3005"/>
						<SP ID="P56_SP00049" HPOS="772" VPOS="479" WIDTH="24"/>
						<String ID="P56_ST00061" HPOS="796" VPOS="438" WIDTH="154" HEIGHT="41" CONTENT="dwelling," WC="0.52" CC="370567606"/>
					</TextLine>
					<TextLine ID="P56_TL00009" HPOS="99" VPOS="480" WIDTH="855" HEIGHT="43">
						<String ID="P56_ST00062" HPOS="99" VPOS="485" WIDTH="59" HEIGHT="29" CONTENT="and" WC="0.80" CC="600"/>
						<SP ID="P56_SP00050" HPOS="158" VPOS="514" WIDTH="27"/>
						<String ID="P56_ST00063" HPOS="185" VPOS="482" WIDTH="130" HEIGHT="41" CONTENT="inspired" WC="0.65" CC="36356300"/>
						<SP ID="P56_SP00051" HPOS="315" VPOS="523" WIDTH="26"/>
						<String ID="P56_ST00064" HPOS="341" VPOS="482" WIDTH="40" HEIGHT="40" CONTENT="by" WC="0.86" CC="02"/>
						<SP ID="P56_SP00052" HPOS="381" VPOS="523" WIDTH="28"/>
						<String ID="P56_ST00065" HPOS="409" VPOS="492" WIDTH="16" HEIGHT="19" CONTENT="a" WC="0.23" CC="7"/>
						<SP ID="P56_SP00053" HPOS="425" VPOS="523" WIDTH="28"/>
						<String ID="P56_ST00066" HPOS="453" VPOS="480" WIDTH="105" HEIGHT="41" CONTENT="daring" WC="0.74" CC="050360"/>
						<SP ID="P56_SP00054" HPOS="558" VPOS="523" WIDTH="30"/>
						<String ID="P56_ST00067" HPOS="588" VPOS="490" WIDTH="139" HEIGHT="31" CONTENT="courage," WC="0.82" CC="00024007"/>
						<SP ID="P56_SP00055" HPOS="727" VPOS="523" WIDTH="30"/>
						<String ID="P56_ST00068" HPOS="757" VPOS="480" WIDTH="14" HEIGHT="30" CONTENT="I" WC="1.00" CC="0"/>
						<SP ID="P56_SP00056" HPOS="771" VPOS="523" WIDTH="26"/>
						<String ID="P56_ST00069" HPOS="797" VPOS="481" WIDTH="75" HEIGHT="29" CONTENT="took" WC="0.58" CC="6027"/>
						<SP ID="P56_SP00057" HPOS="872" VPOS="523" WIDTH="29"/>
						<String ID="P56_ST00070" HPOS="901" VPOS="490" WIDTH="53" HEIGHT="31" CONTENT="my" WC="0.75" CC="05"/>
					</TextLine>
					<TextLine ID="P56_TL00010" HPOS="99" VPOS="523" WIDTH="855" HEIGHT="45">
						<String ID="P56_ST00071" HPOS="99" VPOS="534" WIDTH="68" HEIGHT="34" CONTENT="post" WC="0.64" CC="8013"/>
						<SP ID="P56_SP00058" HPOS="167" VPOS="568" WIDTH="29"/>
						<String ID="P56_ST00072" HPOS="196" VPOS="526" WIDTH="30" HEIGHT="29" CONTENT="in" WC="0.53" CC="44"/>
						<SP ID="P56_SP00059" HPOS="226" VPOS="568" WIDTH="30"/>
						<String ID="P56_ST00073" HPOS="256" VPOS="525" WIDTH="92" HEIGHT="34" CONTENT="front;" WC="0.83" CC="300510"/>
						<String ID="P56_ST00074" HPOS="353" VPOS="542" WIDTH="41" HEIGHT="5" CONTENT="—" WC="0.20" CC="8"/>
						<String ID="P56_ST00075" HPOS="396" VPOS="525" WIDTH="56" HEIGHT="29" CONTENT="but" WC="0.58" CC="614"/>
						<SP ID="P56_SP00060" HPOS="452" VPOS="568" WIDTH="28"/>
						<String ID="P56_ST00076" HPOS="480" VPOS="534" WIDTH="29" HEIGHT="19" CONTENT="as" WC="0.68" CC="60"/>
						<SP ID="P56_SP00061" HPOS="509" VPOS="568" WIDTH="27"/>
						<String ID="P56_ST00077" HPOS="536" VPOS="523" WIDTH="67" HEIGHT="30" CONTENT="able" WC="0.60" CC="8070"/>
						<SP ID="P56_SP00062" HPOS="603" VPOS="568" WIDTH="24"/>
						<String ID="P56_ST00078" HPOS="627" VPOS="523" WIDTH="132" HEIGHT="41" CONTENT="generals" WC="0.68" CC="05800740"/>
						<SP ID="P56_SP00063" HPOS="759" VPOS="568" WIDTH="24"/>
						<String ID="P56_ST00079" HPOS="783" VPOS="534" WIDTH="90" HEIGHT="19" CONTENT="never" WC="0.73" CC="15023"/>
						<SP ID="P56_SP00064" HPOS="873" VPOS="568" WIDTH="27"/>
						<String ID="P56_ST00080" HPOS="900" VPOS="534" WIDTH="54" HEIGHT="19" CONTENT="ex" SUBS_TYPE="HypPart1" SUBS_CONTENT="expose" WC="0.70" CC="044"/>
						<HYP CONTENT="-"/>
					</TextLine>
					<TextLine ID="P56_TL00011" HPOS="100" VPOS="567" WIDTH="853" HEIGHT="44">
						<String ID="P56_ST00081" HPOS="100" VPOS="580" WIDTH="71" HEIGHT="31" CONTENT="pose" SUBS_TYPE="HypPart2" SUBS_CONTENT="expose" WC="1.00" CC="0000"/>
						<SP ID="P56_SP00065" HPOS="171" VPOS="611" WIDTH="23"/>
						<String ID="P56_ST00082" HPOS="194" VPOS="568" WIDTH="178" HEIGHT="30" CONTENT="themselves" WC="0.71" CC="4047003303"/>
						<SP ID="P56_SP00066" HPOS="372" VPOS="611" WIDTH="27"/>
						<String ID="P56_ST00083" HPOS="399" VPOS="567" WIDTH="230" HEIGHT="40" CONTENT="unnecessarily," WC="0.70" CC="06462060503220"/>
						<SP ID="P56_SP00067" HPOS="629" VPOS="611" WIDTH="27"/>
						<String ID="P56_ST00084" HPOS="656" VPOS="567" WIDTH="13" HEIGHT="29" CONTENT="I" WC="1.00" CC="0"/>
						<SP ID="P56_SP00068" HPOS="669" VPOS="611" WIDTH="27"/>
						<String ID="P56_ST00085" HPOS="696" VPOS="567" WIDTH="161" HEIGHT="29" CONTENT="concealed" WC="0.75" CC="000006617"/>
						<SP ID="P56_SP00069" HPOS="857" VPOS="611" WIDTH="27"/>
						<String ID="P56_ST00086" HPOS="884" VPOS="578" WIDTH="69" HEIGHT="29" CONTENT="my" SUBS_TYPE="HypPart1" SUBS_CONTENT="myself" WC="0.70" CC="080"/>
						<HYP CONTENT="-"/>
					</TextLine>
					<TextLine ID="P56_TL00012" HPOS="100" VPOS="609" WIDTH="852" HEIGHT="42">
						<String ID="P56_ST00087" HPOS="100" VPOS="612" WIDTH="58" HEIGHT="30" CONTENT="self" SUBS_TYPE="HypPart2" SUBS_CONTENT="myself" WC="0.55" CC="0637"/>
						<SP ID="P56_SP00070" HPOS="158" VPOS="642" WIDTH="19"/>
						<String ID="P56_ST00088" HPOS="177" VPOS="612" WIDTH="28" HEIGHT="29" CONTENT="in" WC="0.83" CC="21"/>
						<SP ID="P56_SP00071" HPOS="205" VPOS="642" WIDTH="17"/>
						<String ID="P56_ST00089" HPOS="222" VPOS="622" WIDTH="16" HEIGHT="19" CONTENT="a" WC="1.00" CC="0"/>
						<SP ID="P56_SP00072" HPOS="238" VPOS="642" WIDTH="20"/>
						<String ID="P56_ST00090" HPOS="258" VPOS="621" WIDTH="102" HEIGHT="20" CONTENT="corner" WC="0.80" CC="000083"/>
						<SP ID="P56_SP00073" HPOS="360" VPOS="642" WIDTH="25"/>
						<String ID="P56_ST00091" HPOS="385" VPOS="618" WIDTH="31" HEIGHT="22" CONTENT="to" WC="0.78" CC="40"/>
						<SP ID="P56_SP00074" HPOS="416" VPOS="642" WIDTH="21"/>
						<String ID="P56_ST00092" HPOS="437" VPOS="610" WIDTH="88" HEIGHT="29" CONTENT="make" WC="0.56" CC="6720"/>
						<SP ID="P56_SP00075" HPOS="525" VPOS="642" WIDTH="17"/>
						<String ID="P56_ST00093" HPOS="542" VPOS="620" WIDTH="51" HEIGHT="30" CONTENT="my" WC="0.57" CC="44"/>
						<SP ID="P56_SP00076" HPOS="593" VPOS="650" WIDTH="24"/>
						<String ID="P56_ST00094" HPOS="617" VPOS="609" WIDTH="204" HEIGHT="30" CONTENT="observations" WC="0.79" CC="012207722000"/>
						<SP ID="P56_SP00077" HPOS="821" VPOS="650" WIDTH="23"/>
						<String ID="P56_ST00095" HPOS="844" VPOS="620" WIDTH="108" HEIGHT="31" CONTENT="unper" SUBS_TYPE="HypPart1" SUBS_CONTENT="unperceived" WC="0.76" CC="503005"/>
						<HYP CONTENT="-"/>
					</TextLine>
					<TextLine ID="P56_TL00013" HPOS="100" VPOS="655" WIDTH="244" HEIGHT="37">
						<String ID="P56_ST00096" HPOS="100" VPOS="655" WIDTH="113" HEIGHT="30" CONTENT="ceived-" SUBS_TYPE="HypPart2" SUBS_CONTENT="unperceived" WC="0.66" CC="5008027"/>
						<String ID="P56_ST00097" HPOS="213" VPOS="672" WIDTH="33" HEIGHT="6" CONTENT="—" WC="0.20" CC="8"/>
						<String ID="P56_ST00098" HPOS="249" VPOS="664" WIDTH="77" HEIGHT="28" CONTENT="snug" WC="0.77" CC="7000"/>
						<String ID="P56_ST00099" HPOS="338" VPOS="655" WIDTH="6" HEIGHT="28" CONTENT="!" WC="0.77" CC="2"/>
					</TextLine>
				</TextBlock>
				<TextBlock ID="P56_TB00003" HPOS="144" VPOS="695" WIDTH="192" HEIGHT="30" STYLEREFS="TXT_1 PAR_LEFT">
					<TextLine ID="P56_TL00014" HPOS="145" VPOS="697" WIDTH="191" HEIGHT="28">
						<String ID="P56_ST00100" HPOS="145" VPOS="697" WIDTH="64" HEIGHT="28" CONTENT="Ors." WC="0.58" CC="8160"/>
						<SP ID="P56_SP00078" HPOS="209" VPOS="725" WIDTH="24"/>
						<String ID="P56_ST00101" HPOS="233" VPOS="697" WIDTH="103" HEIGHT="28" CONTENT="Well?" WC="0.66" CC="30155"/>
					</TextLine>
				</TextBlock>
				<TextBlock ID="P56_TB00004" HPOS="99" VPOS="737" WIDTH="856" HEIGHT="244" STYLEREFS="TXT_1 PAR_LEFT">
					<TextLine ID="P56_TL00015" HPOS="145" VPOS="738" WIDTH="807" HEIGHT="39">
						<String ID="P56_ST00102" HPOS="145" VPOS="739" WIDTH="63" HEIGHT="32" CONTENT="Cal." WC="0.28" CC="6786"/>
						<SP ID="P56_SP00079" HPOS="208" VPOS="771" WIDTH="25"/>
						<String ID="P56_ST00103" HPOS="233" VPOS="740" WIDTH="72" HEIGHT="30" CONTENT="Five" WC="0.61" CC="0680"/>
						<SP ID="P56_SP00080" HPOS="305" VPOS="771" WIDTH="28"/>
						<String ID="P56_ST00104" HPOS="333" VPOS="739" WIDTH="88" HEIGHT="30" CONTENT="hours" WC="0.95" CC="00100"/>
						<SP ID="P56_SP00081" HPOS="421" VPOS="771" WIDTH="27"/>
						<String ID="P56_ST00105" HPOS="448" VPOS="738" WIDTH="82" HEIGHT="30" CONTENT="three" WC="0.71" CC="64300"/>
						<SP ID="P56_SP00082" HPOS="530" VPOS="771" WIDTH="31"/>
						<String ID="P56_ST00106" HPOS="561" VPOS="744" WIDTH="141" HEIGHT="33" CONTENT="quarters," WC="0.69" CC="443042006"/>
						<SP ID="P56_SP00083" HPOS="702" VPOS="777" WIDTH="37"/>
						<String ID="P56_ST00107" HPOS="739" VPOS="745" WIDTH="58" HEIGHT="22" CONTENT="two" WC="0.46" CC="780"/>
						<SP ID="P56_SP00084" HPOS="797" VPOS="777" WIDTH="24"/>
						<String ID="P56_ST00108" HPOS="821" VPOS="739" WIDTH="131" HEIGHT="29" CONTENT="minutes" WC="0.65" CC="0204745"/>
					</TextLine>
					<TextLine ID="P56_TL00016" HPOS="100" VPOS="780" WIDTH="852" HEIGHT="37">
						<String ID="P56_ST00109" HPOS="100" VPOS="783" WIDTH="58" HEIGHT="29" CONTENT="and" WC="0.75" CC="700"/>
						<SP ID="P56_SP00085" HPOS="158" VPOS="812" WIDTH="18"/>
						<String ID="P56_ST00110" HPOS="176" VPOS="793" WIDTH="85" HEIGHT="19" CONTENT="ses'en" WC="0.54" CC="058606"/>
						<SP ID="P56_SP00086" HPOS="261" VPOS="812" WIDTH="20"/>
						<String ID="P56_ST00111" HPOS="281" VPOS="783" WIDTH="134" HEIGHT="34" CONTENT="seconds," WC="0.64" CC="07000855"/>
						<SP ID="P56_SP00087" HPOS="415" VPOS="817" WIDTH="25"/>
						<String ID="P56_ST00112" HPOS="440" VPOS="781" WIDTH="50" HEIGHT="29" CONTENT="did" WC="0.83" CC="400"/>
						<SP ID="P56_SP00088" HPOS="490" VPOS="817" WIDTH="27"/>
						<String ID="P56_ST00113" HPOS="517" VPOS="781" WIDTH="14" HEIGHT="29" CONTENT="I" WC="0.62" CC="3"/>
						<SP ID="P56_SP00089" HPOS="531" VPOS="817" WIDTH="27"/>
						<String ID="P56_ST00114" HPOS="558" VPOS="780" WIDTH="109" HEIGHT="30" CONTENT="remain" WC="0.72" CC="040605"/>
						<SP ID="P56_SP00090" HPOS="667" VPOS="817" WIDTH="29"/>
						<String ID="P56_ST00115" HPOS="696" VPOS="781" WIDTH="28" HEIGHT="29" CONTENT="in" WC="0.60" CC="34"/>
						<SP ID="P56_SP00091" HPOS="724" VPOS="817" WIDTH="29"/>
						<String ID="P56_ST00116" HPOS="753" VPOS="780" WIDTH="59" HEIGHT="30" CONTENT="this" WC="1.00" CC="0000"/>
						<SP ID="P56_SP00092" HPOS="812" VPOS="817" WIDTH="23"/>
						<String ID="P56_ST00117" HPOS="835" VPOS="781" WIDTH="117" HEIGHT="29" CONTENT="blessed" WC="0.77" CC="0801600"/>
					</TextLine>
					<TextLine ID="P56_TL00017" HPOS="100" VPOS="822" WIDTH="855" HEIGHT="43">
						<String ID="P56_ST00118" HPOS="100" VPOS="833" WIDTH="72" HEIGHT="22" CONTENT="state" WC="0.65" CC="04605"/>
						<String ID="P56_ST00119" HPOS="174" VPOS="844" WIDTH="40" HEIGHT="4" CONTENT="—" WC="0.20" CC="8"/>
						<String ID="P56_ST00120" HPOS="217" VPOS="826" WIDTH="56" HEIGHT="39" CONTENT="day" WC="0.32" CC="667"/>
						<SP ID="P56_SP00093" HPOS="273" VPOS="865" WIDTH="18"/>
						<String ID="P56_ST00121" HPOS="291" VPOS="825" WIDTH="96" HEIGHT="39" CONTENT="began" WC="0.66" CC="06036"/>
						<SP ID="P56_SP00094" HPOS="387" VPOS="865" WIDTH="25"/>
						<String ID="P56_ST00122" HPOS="412" VPOS="831" WIDTH="30" HEIGHT="22" CONTENT="to" WC="0.64" CC="70"/>
						<SP ID="P56_SP00095" HPOS="442" VPOS="865" WIDTH="27"/>
						<String ID="P56_ST00123" HPOS="469" VPOS="824" WIDTH="84" HEIGHT="28" CONTENT="dawn" WC="0.42" CC="2488"/>
						<String ID="P56_ST00124" HPOS="555" VPOS="841" WIDTH="40" HEIGHT="4" CONTENT="—" WC="0.20" CC="8"/>
						<String ID="P56_ST00125" HPOS="598" VPOS="823" WIDTH="58" HEIGHT="28" CONTENT="and" WC="0.72" CC="700"/>
						<SP ID="P56_SP00096" HPOS="656" VPOS="865" WIDTH="28"/>
						<String ID="P56_ST00126" HPOS="684" VPOS="822" WIDTH="13" HEIGHT="29" CONTENT="I" WC="1.00" CC="0"/>
						<SP ID="P56_SP00097" HPOS="697" VPOS="865" WIDTH="27"/>
						<String ID="P56_ST00127" HPOS="724" VPOS="831" WIDTH="30" HEIGHT="21" CONTENT="to" WC="0.66" CC="60"/>
						<SP ID="P56_SP00098" HPOS="754" VPOS="865" WIDTH="27"/>
						<String ID="P56_ST00128" HPOS="781" VPOS="823" WIDTH="115" HEIGHT="41" CONTENT="despair" WC="0.61" CC="7132803"/>
						<SP ID="P56_SP00099" HPOS="896" VPOS="865" WIDTH="23"/>
						<String ID="P56_ST00129" HPOS="919" VPOS="824" WIDTH="36" HEIGHT="30" CONTENT="of" WC="0.78" CC="04"/>
					</TextLine>
					<TextLine ID="P56_TL00018" HPOS="100" VPOS="866" WIDTH="852" HEIGHT="40">
						<String ID="P56_ST00130" HPOS="100" VPOS="878" WIDTH="116" HEIGHT="20" CONTENT="success" WC="0.67" CC="0650404"/>
						<String ID="P56_ST00131" HPOS="216" VPOS="885" WIDTH="42" HEIGHT="5" CONTENT="—" WC="0.20" CC="8"/>
						<String ID="P56_ST00132" HPOS="260" VPOS="866" WIDTH="85" HEIGHT="30" CONTENT="when" WC="0.98" CC="0000"/>
						<SP ID="P56_SP00100" HPOS="345" VPOS="898" WIDTH="26"/>
						<String ID="P56_ST00133" HPOS="371" VPOS="877" WIDTH="16" HEIGHT="18" CONTENT="a" WC="0.48" CC="5"/>
						<SP ID="P56_SP00101" HPOS="387" VPOS="898" WIDTH="28"/>
						<String ID="P56_ST00134" HPOS="415" VPOS="866" WIDTH="72" HEIGHT="29" CONTENT="door" WC="0.88" CC="0202"/>
						<SP ID="P56_SP00102" HPOS="487" VPOS="898" WIDTH="26"/>
						<String ID="P56_ST00135" HPOS="513" VPOS="866" WIDTH="127" HEIGHT="40" CONTENT="opened," WC="0.78" CC="1100406"/>
						<SP ID="P56_SP00103" HPOS="640" VPOS="906" WIDTH="29"/>
						<String ID="P56_ST00136" HPOS="669" VPOS="866" WIDTH="56" HEIGHT="28" CONTENT="and" WC="0.80" CC="410"/>
						<SP ID="P56_SP00104" HPOS="725" VPOS="906" WIDTH="31"/>
						<String ID="P56_ST00137" HPOS="756" VPOS="866" WIDTH="12" HEIGHT="28" CONTENT="I" WC="0.83" CC="1"/>
						<SP ID="P56_SP00105" HPOS="768" VPOS="906" WIDTH="30"/>
						<String ID="P56_ST00138" HPOS="798" VPOS="866" WIDTH="109" HEIGHT="29" CONTENT="beheld" WC="0.74" CC="712020"/>
						<SP ID="P56_SP00106" HPOS="907" VPOS="906" WIDTH="27"/>
						<String ID="P56_ST00139" HPOS="934" VPOS="877" WIDTH="18" HEIGHT="20" CONTENT="a" WC="0.62" CC="3"/>
					</TextLine>
					<TextLine ID="P56_TL00019" HPOS="100" VPOS="907" WIDTH="850" HEIGHT="43">
						<String ID="P56_ST00140" HPOS="100" VPOS="918" WIDTH="77" HEIGHT="22" CONTENT="most" WC="0.69" CC="4304"/>
						<SP ID="P56_SP00107" HPOS="177" VPOS="940" WIDTH="17"/>
						<String ID="P56_ST00141" HPOS="194" VPOS="910" WIDTH="105" HEIGHT="29" CONTENT="terrific" WC="0.66" CC="40077330"/>
						<SP ID="P56_SP00108" HPOS="299" VPOS="940" WIDTH="21"/>
						<String ID="P56_ST00142" HPOS="320" VPOS="910" WIDTH="94" HEIGHT="39" CONTENT="figure" WC="0.72" CC="660020"/>
						<SP ID="P56_SP00109" HPOS="414" VPOS="949" WIDTH="23"/>
						<String ID="P56_ST00143" HPOS="437" VPOS="908" WIDTH="204" HEIGHT="41" CONTENT="approaching" WC="0.55" CC="74820702780"/>
						<SP ID="P56_SP00110" HPOS="641" VPOS="949" WIDTH="24"/>
						<String ID="P56_ST00144" HPOS="665" VPOS="907" WIDTH="52" HEIGHT="30" CONTENT="the" WC="0.61" CC="614"/>
						<SP ID="P56_SP00111" HPOS="717" VPOS="949" WIDTH="16"/>
						<String ID="P56_ST00145" HPOS="733" VPOS="908" WIDTH="84" HEIGHT="41" CONTENT="place" WC="0.77" CC="60310"/>
						<SP ID="P56_SP00112" HPOS="817" VPOS="949" WIDTH="24"/>
						<String ID="P56_ST00146" HPOS="841" VPOS="909" WIDTH="35" HEIGHT="29" CONTENT="of" WC="0.77" CC="04"/>
						<SP ID="P56_SP00113" HPOS="876" VPOS="949" WIDTH="22"/>
						<String ID="P56_ST00147" HPOS="898" VPOS="919" WIDTH="52" HEIGHT="31" CONTENT="my" WC="0.83" CC="30"/>
					</TextLine>
					<TextLine ID="P56_TL00020" HPOS="100" VPOS="954" WIDTH="216" HEIGHT="27">
						<String ID="P56_ST00148" HPOS="100" VPOS="954" WIDTH="216" HEIGHT="27" CONTENT="concealment." WC="0.68" CC="004067550620"/>
					</TextLine>
				</TextBlock>
				<TextBlock ID="P56_TB00005" HPOS="99" VPOS="992" WIDTH="854" HEIGHT="458" STYLEREFS="TXT_1 PAR_LEFT">
					<TextLine ID="P56_TL00021" HPOS="145" VPOS="993" WIDTH="425" HEIGHT="40">
						<String ID="P56_ST00149" HPOS="145" VPOS="996" WIDTH="65" HEIGHT="29" CONTENT="Ors." WC="0.41" CC="7870"/>
						<SP ID="P56_SP00114" HPOS="210" VPOS="1025" WIDTH="32"/>
						<String ID="P56_ST00150" HPOS="242" VPOS="993" WIDTH="137" HEIGHT="36" CONTENT="Abelino," WC="0.44" CC="88682505"/>
						<SP ID="P56_SP00115" HPOS="379" VPOS="1029" WIDTH="25"/>
						<String ID="P56_ST00151" HPOS="404" VPOS="993" WIDTH="12" HEIGHT="29" CONTENT="I" WC="0.95" CC="0"/>
						<SP ID="P56_SP00116" HPOS="416" VPOS="1029" WIDTH="17"/>
						<String ID="P56_ST00152" HPOS="433" VPOS="1003" WIDTH="137" HEIGHT="30" CONTENT="suppose." WC="0.79" CC="04340400"/>
					</TextLine>
					<TextLine ID="P56_TL00022" HPOS="144" VPOS="1034" WIDTH="808" HEIGHT="42">
						<String ID="P56_ST00153" HPOS="144" VPOS="1037" WIDTH="65" HEIGHT="32" CONTENT="Cal." WC="0.48" CC="4870"/>
						<SP ID="P56_SP00117" HPOS="209" VPOS="1069" WIDTH="26"/>
						<String ID="P56_ST00154" HPOS="235" VPOS="1038" WIDTH="51" HEIGHT="29" CONTENT="No" WC="0.23" CC="87"/>
						<String ID="P56_ST00155" HPOS="288" VPOS="1056" WIDTH="42" HEIGHT="3" CONTENT="—" WC="0.20" CC="8"/>
						<String ID="P56_ST00156" HPOS="333" VPOS="1037" WIDTH="54" HEIGHT="29" CONTENT="but" WC="0.50" CC="077"/>
						<SP ID="P56_SP00118" HPOS="387" VPOS="1069" WIDTH="33"/>
						<String ID="P56_ST00157" HPOS="420" VPOS="1036" WIDTH="148" HEIGHT="40" CONTENT="probably" WC="0.68" CC="00308245"/>
						<SP ID="P56_SP00119" HPOS="568" VPOS="1076" WIDTH="29"/>
						<String ID="P56_ST00158" HPOS="597" VPOS="1045" WIDTH="55" HEIGHT="20" CONTENT="one" WC="0.78" CC="060"/>
						<SP ID="P56_SP00120" HPOS="652" VPOS="1076" WIDTH="38"/>
						<String ID="P56_ST00159" HPOS="690" VPOS="1034" WIDTH="35" HEIGHT="31" CONTENT="of" WC="0.63" CC="34"/>
						<SP ID="P56_SP00121" HPOS="725" VPOS="1076" WIDTH="32"/>
						<String ID="P56_ST00160" HPOS="757" VPOS="1034" WIDTH="46" HEIGHT="31" CONTENT="his" WC="0.77" CC="330"/>
						<SP ID="P56_SP00122" HPOS="803" VPOS="1076" WIDTH="32"/>
						<String ID="P56_ST00161" HPOS="835" VPOS="1035" WIDTH="117" HEIGHT="30" CONTENT="aid-de" SUBS_TYPE="HypPart1" SUBS_CONTENT="aid-decamps," WC="0.65" CC="8501801"/>
						<HYP CONTENT="-"/>
					</TextLine>
					<TextLine ID="P56_TL00023" HPOS="100" VPOS="1078" WIDTH="853" HEIGHT="43">
						<String ID="P56_ST00162" HPOS="100" VPOS="1092" WIDTH="112" HEIGHT="29" CONTENT="camps," SUBS_TYPE="HypPart2" SUBS_CONTENT="aid-decamps," WC="0.63" CC="476300"/>
						<SP ID="P56_SP00123" HPOS="212" VPOS="1121" WIDTH="25"/>
						<String ID="P56_ST00163" HPOS="237" VPOS="1080" WIDTH="45" HEIGHT="29" CONTENT="for" WC="0.63" CC="550"/>
						<SP ID="P56_SP00124" HPOS="282" VPOS="1121" WIDTH="24"/>
						<String ID="P56_ST00164" HPOS="306" VPOS="1080" WIDTH="37" HEIGHT="29" CONTENT="he" WC="0.69" CC="60"/>
						<SP ID="P56_SP00125" HPOS="343" VPOS="1121" WIDTH="25"/>
						<String ID="P56_ST00165" HPOS="368" VPOS="1079" WIDTH="114" HEIGHT="29" CONTENT="stalked" WC="0.65" CC="2785000"/>
						<SP ID="P56_SP00126" HPOS="482" VPOS="1121" WIDTH="28"/>
						<String ID="P56_ST00166" HPOS="510" VPOS="1079" WIDTH="124" HEIGHT="28" CONTENT="towards" WC="0.73" CC="0108052"/>
						<SP ID="P56_SP00127" HPOS="634" VPOS="1121" WIDTH="27"/>
						<String ID="P56_ST00167" HPOS="661" VPOS="1088" WIDTH="58" HEIGHT="25" CONTENT="me," WC="0.94" CC="001"/>
						<SP ID="P56_SP00128" HPOS="719" VPOS="1121" WIDTH="25"/>
						<String ID="P56_ST00168" HPOS="744" VPOS="1079" WIDTH="59" HEIGHT="29" CONTENT="and" WC="0.70" CC="710"/>
						<SP ID="P56_SP00129" HPOS="803" VPOS="1121" WIDTH="24"/>
						<String ID="P56_ST00169" HPOS="827" VPOS="1078" WIDTH="126" HEIGHT="42" CONTENT="striking" WC="0.58" CC="40357650"/>
					</TextLine>
					<TextLine ID="P56_TL00024" HPOS="100" VPOS="1120" WIDTH="853" HEIGHT="42">
						<String ID="P56_ST00170" HPOS="100" VPOS="1135" WIDTH="49" HEIGHT="18" CONTENT="me" WC="0.61" CC="70"/>
						<SP ID="P56_SP00130" HPOS="149" VPOS="1153" WIDTH="24"/>
						<String ID="P56_ST00171" HPOS="173" VPOS="1123" WIDTH="146" HEIGHT="39" CONTENT="violently" WC="0.45" CC="663607287"/>
						<SP ID="P56_SP00131" HPOS="319" VPOS="1162" WIDTH="25"/>
						<String ID="P56_ST00172" HPOS="344" VPOS="1132" WIDTH="39" HEIGHT="19" CONTENT="on" WC="0.51" CC="27"/>
						<SP ID="P56_SP00132" HPOS="383" VPOS="1162" WIDTH="25"/>
						<String ID="P56_ST00173" HPOS="408" VPOS="1121" WIDTH="51" HEIGHT="29" CONTENT="the" WC="0.71" CC="080"/>
						<SP ID="P56_SP00133" HPOS="459" VPOS="1162" WIDTH="24"/>
						<String ID="P56_ST00174" HPOS="483" VPOS="1120" WIDTH="142" HEIGHT="30" CONTENT="shoulder" WC="0.78" CC="00033730"/>
						<String ID="P56_ST00175" HPOS="625" VPOS="1138" WIDTH="41" HEIGHT="4" CONTENT="—" WC="0.20" CC="8"/>
						<String ID="P56_ST00176" HPOS="669" VPOS="1120" WIDTH="133" HEIGHT="40" CONTENT="Begone," WC="0.64" CC="7610405"/>
						<SP ID="P56_SP00134" HPOS="802" VPOS="1162" WIDTH="27"/>
						<String ID="P56_ST00177" HPOS="829" VPOS="1120" WIDTH="51" HEIGHT="31" CONTENT="old" WC="0.84" CC="030"/>
						<SP ID="P56_SP00135" HPOS="880" VPOS="1162" WIDTH="16"/>
						<String ID="P56_ST00178" HPOS="896" VPOS="1121" WIDTH="57" HEIGHT="30" CONTENT="vil" SUBS_TYPE="HypPart1" SUBS_CONTENT="villain," WC="0.53" CC="7433"/>
						<HYP CONTENT="-"/>
					</TextLine>
					<TextLine ID="P56_TL00025" HPOS="100" VPOS="1163" WIDTH="851" HEIGHT="40">
						<String ID="P56_ST00179" HPOS="100" VPOS="1167" WIDTH="69" HEIGHT="35" CONTENT="lain," SUBS_TYPE="HypPart2" SUBS_CONTENT="villain," WC="0.29" CC="87675"/>
						<SP ID="P56_SP00136" HPOS="169" VPOS="1202" WIDTH="25"/>
						<String ID="P56_ST00180" HPOS="194" VPOS="1165" WIDTH="165" HEIGHT="30" CONTENT="thundered" WC="0.48" CC="871708326"/>
						<SP ID="P56_SP00137" HPOS="359" VPOS="1202" WIDTH="19"/>
						<String ID="P56_ST00181" HPOS="378" VPOS="1163" WIDTH="46" HEIGHT="30" CONTENT="he." WC="0.75" CC="070"/>
						<String ID="P56_ST00182" HPOS="427" VPOS="1182" WIDTH="41" HEIGHT="4" CONTENT="—" WC="0.20" CC="8"/>
						<String ID="P56_ST00183" HPOS="471" VPOS="1164" WIDTH="50" HEIGHT="28" CONTENT="He" WC="0.63" CC="70"/>
						<SP ID="P56_SP00138" HPOS="521" VPOS="1202" WIDTH="26"/>
						<String ID="P56_ST00184" HPOS="547" VPOS="1164" WIDTH="131" HEIGHT="39" CONTENT="actually'" WC="0.48" CC="405470687"/>
						<SP ID="P56_SP00139" HPOS="678" VPOS="1203" WIDTH="24"/>
						<String ID="P56_ST00185" HPOS="702" VPOS="1164" WIDTH="89" HEIGHT="29" CONTENT="call'd" WC="0.59" CC="054760"/>
						<SP ID="P56_SP00140" HPOS="791" VPOS="1203" WIDTH="24"/>
						<String ID="P56_ST00186" HPOS="815" VPOS="1176" WIDTH="41" HEIGHT="17" CONTENT="me" WC="0.18" CC="78"/>
						<String ID="P56_ST00187" HPOS="858" VPOS="1181" WIDTH="41" HEIGHT="5" CONTENT="—" WC="0.20" CC="8"/>
						<String ID="P56_ST00188" HPOS="901" VPOS="1175" WIDTH="50" HEIGHT="25" CONTENT="me," WC="0.43" CC="880"/>
					</TextLine>
					<TextLine ID="P56_TL00026" HPOS="101" VPOS="1206" WIDTH="852" HEIGHT="42">
						<String ID="P56_ST00189" HPOS="101" VPOS="1209" WIDTH="164" HEIGHT="39" CONTENT="Calcagno," WC="0.73" CC="087000800"/>
						<SP ID="P56_SP00141" HPOS="265" VPOS="1248" WIDTH="22"/>
						<String ID="P56_ST00190" HPOS="287" VPOS="1208" WIDTH="50" HEIGHT="28" CONTENT="old" WC="0.46" CC="088"/>
						<SP ID="P56_SP00142" HPOS="337" VPOS="1248" WIDTH="17"/>
						<String ID="P56_ST00191" HPOS="354" VPOS="1206" WIDTH="110" HEIGHT="30" CONTENT="villain." WC="0.45" CC="74177860"/>
						<String ID="P56_ST00192" HPOS="467" VPOS="1225" WIDTH="42" HEIGHT="4" CONTENT="—" WC="0.20" CC="8"/>
						<String ID="P56_ST00193" HPOS="510" VPOS="1207" WIDTH="121" HEIGHT="39" CONTENT="Begone" WC="0.66" CC="070461"/>
						<String ID="P56_ST00194" HPOS="636" VPOS="1224" WIDTH="34" HEIGHT="4" CONTENT="—" WC="0.20" CC="8"/>
						<String ID="P56_ST00195" HPOS="677" VPOS="1216" WIDTH="80" HEIGHT="31" CONTENT="carry" WC="0.67" CC="08008"/>
						<SP ID="P56_SP00143" HPOS="757" VPOS="1248" WIDTH="25"/>
						<String ID="P56_ST00196" HPOS="782" VPOS="1206" WIDTH="60" HEIGHT="30" CONTENT="this" WC="0.52" CC="0638"/>
						<SP ID="P56_SP00144" HPOS="842" VPOS="1248" WIDTH="26"/>
						<String ID="P56_ST00197" HPOS="868" VPOS="1207" WIDTH="85" HEIGHT="29" CONTENT="letter" WC="0.34" CC="467767"/>
					</TextLine>
					<TextLine ID="P56_TL00027" HPOS="101" VPOS="1247" WIDTH="852" HEIGHT="38">
						<String ID="P56_ST00198" HPOS="101" VPOS="1259" WIDTH="32" HEIGHT="21" CONTENT="to" WC="0.83" CC="30"/>
						<SP ID="P56_SP00145" HPOS="133" VPOS="1280" WIDTH="15"/>
						<String ID="P56_ST00199" HPOS="148" VPOS="1251" WIDTH="62" HEIGHT="29" CONTENT="him" WC="0.70" CC="620"/>
						<SP ID="P56_SP00146" HPOS="210" VPOS="1280" WIDTH="17"/>
						<String ID="P56_ST00200" HPOS="227" VPOS="1250" WIDTH="69" HEIGHT="30" CONTENT="who" WC="0.68" CC="801"/>
						<SP ID="P56_SP00147" HPOS="296" VPOS="1280" WIDTH="15"/>
						<String ID="P56_ST00201" HPOS="311" VPOS="1258" WIDTH="64" HEIGHT="22" CONTENT="sent" WC="0.66" CC="0804"/>
						<SP ID="P56_SP00148" HPOS="375" VPOS="1280" WIDTH="17"/>
						<String ID="P56_ST00202" HPOS="392" VPOS="1249" WIDTH="66" HEIGHT="29" CONTENT="thee" WC="0.71" CC="5060"/>
						<String ID="P56_ST00203" HPOS="461" VPOS="1268" WIDTH="41" HEIGHT="3" CONTENT="—" WC="0.20" CC="8"/>
						<String ID="P56_ST00204" HPOS="503" VPOS="1250" WIDTH="58" HEIGHT="28" CONTENT="and" WC="0.36" CC="872"/>
						<SP ID="P56_SP00149" HPOS="561" VPOS="1280" WIDTH="23"/>
						<String ID="P56_ST00205" HPOS="584" VPOS="1259" WIDTH="75" HEIGHT="19" CONTENT="warn" WC="0.42" CC="7807"/>
						<SP ID="P56_SP00150" HPOS="659" VPOS="1280" WIDTH="26"/>
						<String ID="P56_ST00206" HPOS="685" VPOS="1247" WIDTH="74" HEIGHT="38" CONTENT="him," WC="0.46" CC="6472"/>
						<SP ID="P56_SP00151" HPOS="759" VPOS="1285" WIDTH="27"/>
						<String ID="P56_ST00207" HPOS="786" VPOS="1249" WIDTH="65" HEIGHT="30" CONTENT="that" WC="0.50" CC="7282"/>
						<SP ID="P56_SP00152" HPOS="851" VPOS="1285" WIDTH="17"/>
						<String ID="P56_ST00208" HPOS="868" VPOS="1248" WIDTH="85" HEIGHT="31" CONTENT="those" WC="0.63" CC="61550"/>
					</TextLine>
					<TextLine ID="P56_TL00028" HPOS="100" VPOS="1291" WIDTH="853" HEIGHT="43">
						<String ID="P56_ST00209" HPOS="100" VPOS="1295" WIDTH="67" HEIGHT="29" CONTENT="who" WC="0.14" CC="888"/>
						<SP ID="P56_SP00153" HPOS="167" VPOS="1324" WIDTH="30"/>
						<String ID="P56_ST00210" HPOS="197" VPOS="1295" WIDTH="124" HEIGHT="28" CONTENT="become" WC="0.55" CC="077740"/>
						<SP ID="P56_SP00154" HPOS="321" VPOS="1324" WIDTH="26"/>
						<String ID="P56_ST00211" HPOS="347" VPOS="1291" WIDTH="74" HEIGHT="43" CONTENT="spies" WC="0.74" CC="05700"/>
						<SP ID="P56_SP00155" HPOS="421" VPOS="1334" WIDTH="25"/>
						<String ID="P56_ST00212" HPOS="446" VPOS="1302" WIDTH="82" HEIGHT="30" CONTENT="upon" WC="0.65" CC="6402"/>
						<SP ID="P56_SP00156" HPOS="528" VPOS="1334" WIDTH="28"/>
						<String ID="P56_ST00213" HPOS="556" VPOS="1302" WIDTH="54" HEIGHT="19" CONTENT="our" WC="0.69" CC="061"/>
						<SP ID="P56_SP00157" HPOS="610" VPOS="1334" WIDTH="25"/>
						<String ID="P56_ST00214" HPOS="635" VPOS="1292" WIDTH="133" HEIGHT="29" CONTENT="conduct" WC="0.60" CC="6580005"/>
						<SP ID="P56_SP00158" HPOS="768" VPOS="1334" WIDTH="23"/>
						<String ID="P56_ST00215" HPOS="791" VPOS="1303" WIDTH="69" HEIGHT="29" CONTENT="may" WC="0.61" CC="056"/>
						<SP ID="P56_SP00159" HPOS="860" VPOS="1334" WIDTH="17"/>
						<String ID="P56_ST00216" HPOS="877" VPOS="1291" WIDTH="76" HEIGHT="31" CONTENT="have" WC="0.27" CC="8676"/>
					</TextLine>
					<TextLine ID="P56_TL00029" HPOS="100" VPOS="1334" WIDTH="852" HEIGHT="42">
						<String ID="P56_ST00217" HPOS="100" VPOS="1347" WIDTH="102" HEIGHT="19" CONTENT="reason" WC="0.42" CC="687127"/>
						<SP ID="P56_SP00160" HPOS="202" VPOS="1366" WIDTH="15"/>
						<String ID="P56_ST00218" HPOS="217" VPOS="1344" WIDTH="32" HEIGHT="22" CONTENT="to" WC="0.90" CC="10"/>
						<SP ID="P56_SP00161" HPOS="249" VPOS="1366" WIDTH="16"/>
						<String ID="P56_ST00219" HPOS="265" VPOS="1344" WIDTH="100" HEIGHT="31" CONTENT="repent" WC="0.34" CC="676666"/>
						<SP ID="P56_SP00162" HPOS="365" VPOS="1375" WIDTH="17"/>
						<String ID="P56_ST00220" HPOS="382" VPOS="1335" WIDTH="29" HEIGHT="28" CONTENT="it." WC="0.65" CC="350"/>
						<String ID="P56_ST00221" HPOS="416" VPOS="1353" WIDTH="42" HEIGHT="4" CONTENT="—" WC="0.20" CC="8"/>
						<String ID="P56_ST00222" HPOS="459" VPOS="1335" WIDTH="12" HEIGHT="29" CONTENT="I" WC="0.90" CC="0"/>
						<SP ID="P56_SP00163" HPOS="471" VPOS="1375" WIDTH="18"/>
						<String ID="P56_ST00223" HPOS="489" VPOS="1346" WIDTH="56" HEIGHT="17" CONTENT="war&gt;" WC="0.17" CC="7888"/>
						<SP ID="P56_SP00164" HPOS="545" VPOS="1375" WIDTH="16"/>
						<String ID="P56_ST00224" HPOS="561" VPOS="1346" WIDTH="38" HEIGHT="17" CONTENT="on" WC="0.41" CC="74"/>
						<SP ID="P56_SP00165" HPOS="599" VPOS="1375" WIDTH="18"/>
						<String ID="P56_ST00225" HPOS="617" VPOS="1334" WIDTH="50" HEIGHT="29" CONTENT="the" WC="0.64" CC="046"/>
						<SP ID="P56_SP00166" HPOS="667" VPOS="1375" WIDTH="16"/>
						<String ID="P56_ST00226" HPOS="683" VPOS="1335" WIDTH="84" HEIGHT="40" CONTENT="point" WC="0.40" CC="84555"/>
						<SP ID="P56_SP00167" HPOS="767" VPOS="1375" WIDTH="18"/>
						<String ID="P56_ST00227" HPOS="785" VPOS="1335" WIDTH="35" HEIGHT="30" CONTENT="of" WC="0.78" CC="04"/>
						<SP ID="P56_SP00168" HPOS="820" VPOS="1375" WIDTH="18"/>
						<String ID="P56_ST00228" HPOS="838" VPOS="1346" WIDTH="114" HEIGHT="30" CONTENT="saying," WC="0.37" CC="7884707"/>
					</TextLine>
					<TextLine ID="P56_TL00030" HPOS="101" VPOS="1377" WIDTH="731" HEIGHT="41">
						<String ID="P56_ST00229" HPOS="101" VPOS="1384" WIDTH="20" HEIGHT="12" CONTENT='"' WC="0.63" CC="3"/>
						<SP ID="P56_SP00169" HPOS="121" VPOS="1396" WIDTH="16"/>
						<String ID="P56_ST00230" HPOS="137" VPOS="1379" WIDTH="135" HEIGHT="31" CONTENT="Worthv" WC="0.52" CC="412387"/>
						<SP ID="P56_SP00170" HPOS="272" VPOS="1410" WIDTH="17"/>
						<String ID="P56_ST00231" HPOS="289" VPOS="1379" WIDTH="55" HEIGHT="34" CONTENT="Sir," WC="0.65" CC="8302"/>
						<SP ID="P56_SP00171" HPOS="344" VPOS="1413" WIDTH="26"/>
						<String ID="P56_ST00232" HPOS="370" VPOS="1378" WIDTH="12" HEIGHT="28" CONTENT="I" WC="1.00" CC="0"/>
						<SP ID="P56_SP00172" HPOS="382" VPOS="1413" WIDTH="17"/>
						<String ID="P56_ST00233" HPOS="399" VPOS="1388" WIDTH="48" HEIGHT="19" CONTENT="am" WC="0.59" CC="80"/>
						<SP ID="P56_SP00173" HPOS="447" VPOS="1413" WIDTH="16"/>
						<String ID="P56_ST00234" HPOS="463" VPOS="1377" WIDTH="34" HEIGHT="30" CONTENT="of" WC="0.82" CC="03"/>
						<SP ID="P56_SP00174" HPOS="497" VPOS="1413" WIDTH="20"/>
						<String ID="P56_ST00235" HPOS="517" VPOS="1377" WIDTH="50" HEIGHT="29" CONTENT="the" WC="0.27" CC="587"/>
						<SP ID="P56_SP00175" HPOS="567" VPOS="1413" WIDTH="16"/>
						<String ID="P56_ST00236" HPOS="583" VPOS="1388" WIDTH="79" HEIGHT="19" CONTENT="same" WC="0.51" CC="0847"/>
						<SP ID="P56_SP00176" HPOS="662" VPOS="1413" WIDTH="17"/>
						<String ID="P56_ST00237" HPOS="679" VPOS="1377" WIDTH="153" HEIGHT="41" CONTENT='opinion."' WC="0.44" CC="517857607"/>
					</TextLine>
					<TextLine ID="P56_TL00031" HPOS="145" VPOS="1420" WIDTH="600" HEIGHT="30">
						<String ID="P56_ST00238" HPOS="145" VPOS="1422" WIDTH="65" HEIGHT="28" CONTENT="Ors." WC="0.70" CC="0740"/>
						<SP ID="P56_SP00177" HPOS="210" VPOS="1450" WIDTH="26"/>
						<String ID="P56_ST00239" HPOS="236" VPOS="1422" WIDTH="77" HEIGHT="28" CONTENT="How" WC="0.38" CC="638"/>
						<SP ID="P56_SP00178" HPOS="313" VPOS="1450" WIDTH="17"/>
						<String ID="P56_ST00240" HPOS="330" VPOS="1421" WIDTH="117" HEIGHT="29" CONTENT="tedious" WC="0.53" CC="1835850"/>
						<SP ID="P56_SP00179" HPOS="447" VPOS="1450" WIDTH="14"/>
						<String ID="P56_ST00241" HPOS="461" VPOS="1421" WIDTH="4" HEIGHT="28" CONTENT="!" WC="0.49" CC="5"/>
						<String ID="P56_ST00242" HPOS="473" VPOS="1438" WIDTH="36" HEIGHT="5" CONTENT="—" WC="0.20" CC="8"/>
						<String ID="P56_ST00243" HPOS="514" VPOS="1420" WIDTH="78" HEIGHT="29" CONTENT="what" WC="0.59" CC="0870"/>
						<SP ID="P56_SP00180" HPOS="592" VPOS="1450" WIDTH="16"/>
						<String ID="P56_ST00244" HPOS="608" VPOS="1421" WIDTH="111" HEIGHT="29" CONTENT="ensued" WC="0.63" CC="550037"/>
						<SP ID="P56_SP00181" HPOS="719" VPOS="1450" WIDTH="16"/>
						<String ID="P56_ST00245" HPOS="735" VPOS="1420" WIDTH="10" HEIGHT="29" CONTENT="?" WC="0.27" CC="7"/>
					</TextLine>
				</TextBlock>
				<TextBlock ID="P56_TB00006" HPOS="100" VPOS="1462" WIDTH="851" HEIGHT="158" STYLEREFS="TXT_1 PAR_LEFT">
					<TextLine ID="P56_TL00032" HPOS="147" VPOS="1462" WIDTH="804" HEIGHT="43">
						<String ID="P56_ST00246" HPOS="147" VPOS="1463" WIDTH="63" HEIGHT="31" CONTENT="Cal." WC="0.65" CC="4720"/>
						<SP ID="P56_SP00182" HPOS="210" VPOS="1494" WIDTH="25"/>
						<String ID="P56_ST00247" HPOS="235" VPOS="1463" WIDTH="151" HEIGHT="36" CONTENT="Farewell," WC="0.52" CC="460470765"/>
						<SP ID="P56_SP00183" HPOS="386" VPOS="1499" WIDTH="23"/>
						<String ID="P56_ST00248" HPOS="409" VPOS="1463" WIDTH="61" HEIGHT="29" CONTENT="said" WC="0.48" CC="0568"/>
						<SP ID="P56_SP00184" HPOS="470" VPOS="1499" WIDTH="17"/>
						<String ID="P56_ST00249" HPOS="487" VPOS="1462" WIDTH="53" HEIGHT="34" CONTENT="he;" WC="0.66" CC="640"/>
						<String ID="P56_ST00250" HPOS="544" VPOS="1481" WIDTH="41" HEIGHT="4" CONTENT="—" WC="0.20" CC="8"/>
						<String ID="P56_ST00251" HPOS="586" VPOS="1464" WIDTH="58" HEIGHT="29" CONTENT="and" WC="0.46" CC="554"/>
						<SP ID="P56_SP00185" HPOS="644" VPOS="1499" WIDTH="30"/>
						<String ID="P56_ST00252" HPOS="674" VPOS="1462" WIDTH="37" HEIGHT="29" CONTENT="he" WC="0.73" CC="50"/>
						<SP ID="P56_SP00186" HPOS="711" VPOS="1499" WIDTH="24"/>
						<String ID="P56_ST00253" HPOS="735" VPOS="1464" WIDTH="216" HEIGHT="41" CONTENT="accompanied" WC="0.51" CC="60300768577"/>
					</TextLine>
					<TextLine ID="P56_TL00033" HPOS="101" VPOS="1505" WIDTH="850" HEIGHT="41">
						<String ID="P56_ST00254" HPOS="101" VPOS="1507" WIDTH="58" HEIGHT="30" CONTENT="this" WC="0.41" CC="1867"/>
						<SP ID="P56_SP00187" HPOS="159" VPOS="1537" WIDTH="21"/>
						<String ID="P56_ST00255" HPOS="180" VPOS="1507" WIDTH="86" HEIGHT="29" CONTENT="adieu" WC="0.41" CC="85572"/>
						<SP ID="P56_SP00188" HPOS="266" VPOS="1537" WIDTH="23"/>
						<String ID="P56_ST00256" HPOS="289" VPOS="1505" WIDTH="71" HEIGHT="29" CONTENT="with" WC="0.55" CC="8603"/>
						<SP ID="P56_SP00189" HPOS="360" VPOS="1537" WIDTH="24"/>
						<String ID="P56_ST00257" HPOS="384" VPOS="1517" WIDTH="15" HEIGHT="18" CONTENT="a" WC="0.32" CC="6"/>
						<SP ID="P56_SP00190" HPOS="399" VPOS="1537" WIDTH="24"/>
						<String ID="P56_ST00258" HPOS="423" VPOS="1506" WIDTH="57" HEIGHT="29" CONTENT="still" WC="0.58" CC="04446"/>
						<SP ID="P56_SP00191" HPOS="480" VPOS="1537" WIDTH="24"/>
						<String ID="P56_ST00259" HPOS="504" VPOS="1513" WIDTH="134" HEIGHT="33" CONTENT="stronger" WC="0.48" CC="86226680"/>
						<SP ID="P56_SP00192" HPOS="638" VPOS="1546" WIDTH="23"/>
						<String ID="P56_ST00260" HPOS="661" VPOS="1506" WIDTH="197" HEIGHT="40" CONTENT="compliment" WC="0.57" CC="0085643085"/>
						<SP ID="P56_SP00193" HPOS="858" VPOS="1546" WIDTH="24"/>
						<String ID="P56_ST00261" HPOS="882" VPOS="1518" WIDTH="69" HEIGHT="19" CONTENT="over" WC="0.75" CC="0602"/>
					</TextLine>
					<TextLine ID="P56_TL00034" HPOS="101" VPOS="1549" WIDTH="548" HEIGHT="40">
						<String ID="P56_ST00262" HPOS="101" VPOS="1562" WIDTH="50" HEIGHT="27" CONTENT="my" WC="0.33" CC="75"/>
						<SP ID="P56_SP00194" HPOS="151" VPOS="1589" WIDTH="19"/>
						<String ID="P56_ST00263" HPOS="170" VPOS="1550" WIDTH="153" HEIGHT="28" CONTENT="shoulders" WC="0.51" CC="078467701"/>
						<String ID="P56_ST00264" HPOS="325" VPOS="1567" WIDTH="41" HEIGHT="4" CONTENT="—" WC="0.20" CC="8"/>
						<String ID="P56_ST00265" HPOS="369" VPOS="1549" WIDTH="57" HEIGHT="29" CONTENT="and" WC="0.71" CC="710"/>
						<SP ID="P56_SP00195" HPOS="426" VPOS="1589" WIDTH="20"/>
						<String ID="P56_ST00266" HPOS="446" VPOS="1549" WIDTH="203" HEIGHT="40" CONTENT="disappeared." WC="0.58" CC="170602788610"/>
					</TextLine>
					<TextLine ID="P56_TL00035" HPOS="145" VPOS="1591" WIDTH="374" HEIGHT="29">
						<String ID="P56_ST00267" HPOS="145" VPOS="1593" WIDTH="65" HEIGHT="27" CONTENT="Ors." WC="0.61" CC="3704"/>
						<SP ID="P56_SP00196" HPOS="210" VPOS="1620" WIDTH="26"/>
						<String ID="P56_ST00268" HPOS="236" VPOS="1591" WIDTH="68" HEIGHT="29" CONTENT="And" WC="0.60" CC="074"/>
						<SP ID="P56_SP00197" HPOS="304" VPOS="1620" WIDTH="23"/>
						<String ID="P56_ST00269" HPOS="327" VPOS="1591" WIDTH="21" HEIGHT="29" CONTENT="is" WC="0.30" CC="67"/>
						<SP ID="P56_SP00198" HPOS="348" VPOS="1620" WIDTH="17"/>
						<String ID="P56_ST00270" HPOS="365" VPOS="1591" WIDTH="58" HEIGHT="29" CONTENT="this" WC="0.67" CC="0066"/>
						<SP ID="P56_SP00199" HPOS="423" VPOS="1620" WIDTH="17"/>
						<String ID="P56_ST00271" HPOS="440" VPOS="1592" WIDTH="79" HEIGHT="28" CONTENT="all?" WC="0.66" CC="1424"/>
					</TextLine>
				</TextBlock>
				<TextBlock ID="P56_TB00007" HPOS="99" VPOS="1632" WIDTH="851" HEIGHT="84" STYLEREFS="TXT_1 PAR_LEFT">
					<TextLine ID="P56_TL00036" HPOS="145" VPOS="1633" WIDTH="805" HEIGHT="41">
						<String ID="P56_ST00272" HPOS="145" VPOS="1634" WIDTH="65" HEIGHT="30" CONTENT="Cal." WC="0.52" CC="1880"/>
						<SP ID="P56_SP00200" HPOS="210" VPOS="1664" WIDTH="27"/>
						<String ID="P56_ST00273" HPOS="237" VPOS="1634" WIDTH="83" HEIGHT="30" CONTENT="All!" WC="0.44" CC="6870"/>
						<String ID="P56_ST00274" HPOS="326" VPOS="1652" WIDTH="40" HEIGHT="4" CONTENT="—" WC="0.20" CC="8"/>
						<String ID="P56_ST00275" HPOS="368" VPOS="1634" WIDTH="57" HEIGHT="29" CONTENT="and" WC="0.61" CC="640"/>
						<SP ID="P56_SP00201" HPOS="425" VPOS="1664" WIDTH="17"/>
						<String ID="P56_ST00276" HPOS="442" VPOS="1634" WIDTH="22" HEIGHT="29" CONTENT="is" WC="0.86" CC="10"/>
						<SP ID="P56_SP00202" HPOS="464" VPOS="1664" WIDTH="24"/>
						<String ID="P56_ST00277" HPOS="488" VPOS="1634" WIDTH="22" HEIGHT="29" CONTENT="it" WC="0.60" CC="61"/>
						<SP ID="P56_SP00203" HPOS="510" VPOS="1664" WIDTH="24"/>
						<String ID="P56_ST00278" HPOS="534" VPOS="1642" WIDTH="52" HEIGHT="22" CONTENT="not" WC="0.72" CC="502"/>
						<SP ID="P56_SP00204" HPOS="586" VPOS="1664" WIDTH="23"/>
						<String ID="P56_ST00279" HPOS="609" VPOS="1633" WIDTH="122" HEIGHT="41" CONTENT="enough" WC="0.60" CC="360607"/>
						<String ID="P56_ST00280" HPOS="733" VPOS="1652" WIDTH="43" HEIGHT="4" CONTENT="—" WC="0.20" CC="8"/>
						<String ID="P56_ST00281" HPOS="778" VPOS="1634" WIDTH="86" HEIGHT="30" CONTENT="when" WC="0.95" CC="0020"/>
						<SP ID="P56_SP00205" HPOS="864" VPOS="1674" WIDTH="18"/>
						<String ID="P56_ST00282" HPOS="882" VPOS="1646" WIDTH="68" HEIGHT="19" CONTENT="men" WC="0.89" CC="003"/>
					</TextLine>
					<TextLine ID="P56_TL00037" HPOS="100" VPOS="1676" WIDTH="850" HEIGHT="40">
						<String ID="P56_ST00283" HPOS="100" VPOS="1678" WIDTH="35" HEIGHT="30" CONTENT="of" WC="0.25" CC="68"/>
						<SP ID="P56_SP00206" HPOS="135" VPOS="1708" WIDTH="24"/>
						<String ID="P56_ST00284" HPOS="159" VPOS="1677" WIDTH="116" HEIGHT="30" CONTENT="honour" WC="0.76" CC="006340"/>
						<SP ID="P56_SP00207" HPOS="275" VPOS="1708" WIDTH="19"/>
						<String ID="P56_ST00285" HPOS="294" VPOS="1677" WIDTH="57" HEIGHT="29" CONTENT="and" WC="0.65" CC="720"/>
						<SP ID="P56_SP00208" HPOS="351" VPOS="1708" WIDTH="18"/>
						<String ID="P56_ST00286" HPOS="369" VPOS="1676" WIDTH="82" HEIGHT="40" CONTENT="spirit" WC="0.49" CC="861066"/>
						<SP ID="P56_SP00209" HPOS="451" VPOS="1716" WIDTH="13"/>
						<String ID="P56_ST00287" HPOS="464" VPOS="1677" WIDTH="113" HEIGHT="30" CONTENT="receive" WC="0.63" CC="0007574"/>
						<SP ID="P56_SP00210" HPOS="577" VPOS="1716" WIDTH="19"/>
						<String ID="P56_ST00288" HPOS="596" VPOS="1677" WIDTH="73" HEIGHT="30" CONTENT="such" WC="0.56" CC="3806"/>
						<SP ID="P56_SP00211" HPOS="669" VPOS="1716" WIDTH="16"/>
						<String ID="P56_ST00289" HPOS="685" VPOS="1678" WIDTH="174" HEIGHT="31" CONTENT="salutations" WC="0.63" CC="06034812263"/>
						<SP ID="P56_SP00212" HPOS="859" VPOS="1716" WIDTH="16"/>
						<String ID="P56_ST00290" HPOS="875" VPOS="1678" WIDTH="75" HEIGHT="31" CONTENT="from" WC="0.64" CC="2028"/>
					</TextLine>
				</TextBlock>
				<TextBlock ID="P56_TB00008" HPOS="480" VPOS="1735" WIDTH="22" HEIGHT="27" STYLEREFS="TXT_2 PAR_LEFT">
					<TextLine ID="P56_TL00038" HPOS="481" VPOS="1737" WIDTH="20" HEIGHT="24">
						<String ID="P56_ST00291" HPOS="481" VPOS="1737" WIDTH="20" HEIGHT="24" CONTENT="2" WC="0.06" CC="9"/>
					</TextLine>
				</TextBlock>
			</PrintSpace>
		</Page>
	</Layout>
</alto>
