<?xml version="1.0" encoding="UTF-8"?>
<alto xmlns:xsi="http://www.w3.org/2001/XMLSchema-instance" xsi:noNamespaceSchemaLocation="http://www.bl.uk/schemas/alto/alto-1-4.xsd" xmlns:xlink="http://www.w3.org/1999/xlink">
	<Description>
		<MeasurementUnit>mm10</MeasurementUnit>
		<sourceImageInformation>
			<fileName>//head1/IN/A0010097736/BC.tif</fileName>
		</sourceImageInformation>
		<OCRProcessing ID="OCRPROCESSING_1">
			<preProcessingStep>
				<processingSoftware>
					<softwareCreator>CCS Content Conversion Specialists GmbH, Germany</softwareCreator>
					<softwareName>CCS docWORKS</softwareName>
					<softwareVersion>6.1-0.62</softwareVersion>
				</processingSoftware>
			</preProcessingStep>
			<ocrProcessingStep>
				<processingSoftware>
					<softwareCreator>ABBYY (BIT Software), Russia</softwareCreator>
					<softwareName>Finereader</softwareName>
				</processingSoftware>
			</ocrProcessingStep>
		</OCRProcessing>
	</Description>
	<Styles>
		<TextStyle ID="TXT_0" FONTSIZE="10" FONTFAMILY="Courier New"/>
		<ParagraphStyle ID="PAR_LEFT" ALIGN="Left"/>
	</Styles>
	<Layout>
		<Page ID="P80" PHYSICAL_IMG_NR="80" HEIGHT="2111" WIDTH="1233" POSITION="Cover">
			<TopMargin ID="P80_TM00001" HPOS="0" VPOS="0" WIDTH="1232" HEIGHT="0"/>
			<LeftMargin ID="P80_LM00001" HPOS="0" VPOS="0" WIDTH="0" HEIGHT="2110"/>
			<RightMargin ID="P80_RM00001" HPOS="1232" VPOS="0" WIDTH="0" HEIGHT="2110"/>
			<BottomMargin ID="P80_BM00001" HPOS="0" VPOS="2110" WIDTH="1232" HEIGHT="0"/>
			<PrintSpace ID="P80_PS00001" HPOS="0" VPOS="0" WIDTH="1232" HEIGHT="2110">
				<ComposedBlock ID="P80_CB00001" HPOS="0" VPOS="0" WIDTH="1232" HEIGHT="2110" STYLEREFS="TXT_0 PAR_LEFT" TYPE="Illustration">
					<GraphicalElement ID="P80_CB00001_SUB" HPOS="0" VPOS="0" WIDTH="1232" HEIGHT="2110"/>
				</ComposedBlock>
			</PrintSpace>
		</Page>
	</Layout>
</alto>
