<?xml version="1.0" encoding="UTF-8"?>
<alto xmlns:xsi="http://www.w3.org/2001/XMLSchema-instance" xsi:noNamespaceSchemaLocation="http://www.bl.uk/schemas/alto/alto-1-4.xsd" xmlns:xlink="http://www.w3.org/1999/xlink">
	<Description>
		<MeasurementUnit>mm10</MeasurementUnit>
		<sourceImageInformation>
			<fileName>//head1/IN/A0010097736/001117.jp2</fileName>
		</sourceImageInformation>
		<OCRProcessing ID="OCRPROCESSING_1">
			<preProcessingStep>
				<processingSoftware>
					<softwareCreator>CCS Content Conversion Specialists GmbH, Germany</softwareCreator>
					<softwareName>CCS docWORKS</softwareName>
					<softwareVersion>6.1-0.62</softwareVersion>
				</processingSoftware>
			</preProcessingStep>
			<ocrProcessingStep>
				<processingSoftware>
					<softwareCreator>ABBYY (BIT Software), Russia</softwareCreator>
					<softwareName>Finereader</softwareName>
				</processingSoftware>
			</ocrProcessingStep>
		</OCRProcessing>
	</Description>
	<Styles>
		<TextStyle ID="TXT_0" FONTSIZE="10" FONTFAMILY="Courier New"/>
		<TextStyle ID="TXT_1" FONTSIZE="11" FONTFAMILY="Courier New"/>
		<TextStyle ID="TXT_2" FONTSIZE="9" FONTFAMILY="Courier New"/>
		<ParagraphStyle ID="PAR_LEFT" ALIGN="Left"/>
		<ParagraphStyle ID="PAR_CENTER" ALIGN="Center"/>
	</Styles>
	<Layout>
		<Page ID="P7" PHYSICAL_IMG_NR="7" HEIGHT="1884" WIDTH="1059" POSITION="Right" ACCURACY="55.25">
			<TopMargin ID="P7_TM00001" HPOS="0" VPOS="0" WIDTH="1059" HEIGHT="0"/>
			<LeftMargin ID="P7_LM00001" HPOS="0" VPOS="0" WIDTH="0" HEIGHT="1883"/>
			<RightMargin ID="P7_RM00001" HPOS="1059" VPOS="0" WIDTH="0" HEIGHT="1883"/>
			<BottomMargin ID="P7_BM00001" HPOS="0" VPOS="1883" WIDTH="1059" HEIGHT="0"/>
			<PrintSpace ID="P7_PS00001" HPOS="0" VPOS="0" WIDTH="1059" HEIGHT="1883">
				<TextBlock ID="P7_TB00001" HPOS="200" VPOS="39" WIDTH="661" HEIGHT="69" STYLEREFS="TXT_0 PAR_LEFT">
					<TextLine ID="P7_TL00001" HPOS="222" VPOS="41" WIDTH="323" HEIGHT="66">
						<String ID="P7_ST00001" HPOS="222" VPOS="41" WIDTH="246" HEIGHT="55" CONTENT="BE&amp;tcateb," WC="0.21" CC="8868887785"/>
						<SP ID="P7_SP00001" HPOS="468" VPOS="96" WIDTH="22"/>
						<String ID="P7_ST00002" HPOS="490" VPOS="45" WIDTH="55" HEIGHT="62" CONTENT="ty" WC="0.28" CC="77"/>
						<SP ID="P7_SP00002" HPOS="545" VPOS="107" WIDTH="0"/>
					</TextLine>
				</TextBlock>
				<TextBlock ID="P7_TB00002" HPOS="112" VPOS="138" WIDTH="848" HEIGHT="55" STYLEREFS="TXT_1 PAR_CENTER">
					<TextLine ID="P7_TL00002" HPOS="114" VPOS="140" WIDTH="846" HEIGHT="53">
						<String ID="P7_ST00003" HPOS="114" VPOS="140" WIDTH="105" HEIGHT="50" CONTENT="TO" WC="0.70" CC="50"/>
						<SP ID="P7_SP00003" HPOS="219" VPOS="190" WIDTH="67"/>
						<String ID="P7_ST00004" HPOS="286" VPOS="140" WIDTH="166" HEIGHT="50" CONTENT="HIS" WC="0.39" CC="854"/>
						<SP ID="P7_SP00004" HPOS="452" VPOS="190" WIDTH="66"/>
						<String ID="P7_ST00005" HPOS="518" VPOS="141" WIDTH="442" HEIGHT="52" CONTENT="MAJESTY." WC="0.72" CC="07006007"/>
					</TextLine>
				</TextBlock>
				<TextBlock ID="P7_TB00003" HPOS="496" VPOS="331" WIDTH="71" HEIGHT="22" STYLEREFS="TXT_0 PAR_CENTER">
					<TextLine ID="P7_TL00003" HPOS="496" VPOS="331" WIDTH="71" HEIGHT="22">
						<String ID="P7_ST00006" HPOS="496" VPOS="331" WIDTH="71" HEIGHT="22" CONTENT="THE" WC="0.81" CC="050"/>
					</TextLine>
				</TextBlock>
				<TextBlock ID="P7_TB00004" HPOS="176" VPOS="448" WIDTH="703" HEIGHT="55" STYLEREFS="TXT_1 PAR_CENTER">
					<TextLine ID="P7_TL00004" HPOS="177" VPOS="450" WIDTH="702" HEIGHT="53">
						<String ID="P7_ST00007" HPOS="177" VPOS="450" WIDTH="346" HEIGHT="47" CONTENT="VENETIAN" WC="0.55" CC="53560175"/>
						<SP ID="P7_SP00005" HPOS="523" VPOS="497" WIDTH="51"/>
						<String ID="P7_ST00008" HPOS="574" VPOS="450" WIDTH="305" HEIGHT="53" CONTENT="OUTLAW," WC="0.54" CC="3106757"/>
					</TextLine>
				</TextBlock>
				<TextBlock ID="P7_TB00005" HPOS="353" VPOS="586" WIDTH="350" HEIGHT="54" STYLEREFS="TXT_1 PAR_CENTER">
					<TextLine ID="P7_TL00005" HPOS="354" VPOS="599" WIDTH="349" HEIGHT="41">
						<String ID="P7_ST00009" HPOS="354" VPOS="600" WIDTH="35" HEIGHT="35" CONTENT="A" WC="0.71" CC="2"/>
						<SP ID="P7_SP00006" HPOS="389" VPOS="635" WIDTH="50"/>
						<String ID="P7_ST00010" HPOS="439" VPOS="599" WIDTH="264" HEIGHT="41" CONTENT="DRAMA," WC="0.39" CC="886525"/>
					</TextLine>
				</TextBlock>
				<TextBlock ID="P7_TB00006" HPOS="384" VPOS="742" WIDTH="280" HEIGHT="29" STYLEREFS="TXT_0 PAR_CENTER">
					<TextLine ID="P7_TL00006" HPOS="385" VPOS="742" WIDTH="279" HEIGHT="29">
						<String ID="P7_ST00011" HPOS="385" VPOS="742" WIDTH="46" HEIGHT="25" CONTENT="IN" WC="0.68" CC="06"/>
						<SP ID="P7_SP00007" HPOS="431" VPOS="767" WIDTH="10"/>
						<String ID="P7_ST00012" HPOS="441" VPOS="742" WIDTH="121" HEIGHT="25" CONTENT="THREE" WC="0.96" CC="00010"/>
						<SP ID="P7_SP00008" HPOS="562" VPOS="767" WIDTH="12"/>
						<String ID="P7_ST00013" HPOS="574" VPOS="742" WIDTH="90" HEIGHT="29" CONTENT="ACTS," WC="0.74" CC="80030"/>
					</TextLine>
				</TextBlock>
				<TextBlock ID="P7_TB00007" HPOS="96" VPOS="879" WIDTH="853" HEIGHT="23" STYLEREFS="TXT_0 PAR_CENTER">
					<TextLine ID="P7_TL00007" HPOS="97" VPOS="880" WIDTH="852" HEIGHT="22">
						<String ID="P7_ST00014" HPOS="97" VPOS="881" WIDTH="33" HEIGHT="16" CONTENT="AS" WC="0.36" CC="84"/>
						<SP ID="P7_SP00009" HPOS="130" VPOS="897" WIDTH="13"/>
						<String ID="P7_ST00015" HPOS="143" VPOS="880" WIDTH="179" HEIGHT="19" CONTENT="PERFORMED" WC="0.35" CC="858728457"/>
						<SP ID="P7_SP00010" HPOS="322" VPOS="899" WIDTH="14"/>
						<String ID="P7_ST00016" HPOS="336" VPOS="882" WIDTH="37" HEIGHT="17" CONTENT="AT" WC="0.40" CC="83"/>
						<SP ID="P7_SP00011" HPOS="373" VPOS="899" WIDTH="13"/>
						<String ID="P7_ST00017" HPOS="386" VPOS="882" WIDTH="60" HEIGHT="16" CONTENT="THE" WC="0.49" CC="445"/>
						<SP ID="P7_SP00012" HPOS="446" VPOS="899" WIDTH="19"/>
						<String ID="P7_ST00018" HPOS="465" VPOS="881" WIDTH="140" HEIGHT="17" CONTENT="THEATRE" WC="0.43" CC="6364675"/>
						<SP ID="P7_SP00013" HPOS="605" VPOS="899" WIDTH="12"/>
						<String ID="P7_ST00019" HPOS="617" VPOS="881" WIDTH="109" HEIGHT="21" CONTENT="ROYAL," WC="0.35" CC="807787"/>
						<SP ID="P7_SP00014" HPOS="726" VPOS="902" WIDTH="18"/>
						<String ID="P7_ST00020" HPOS="744" VPOS="881" WIDTH="205" HEIGHT="18" CONTENT="DRURY-LANE." WC="0.27" CC="78667487866"/>
					</TextLine>
				</TextBlock>
				<TextBlock ID="P7_TB00008" HPOS="225" VPOS="1095" WIDTH="588" HEIGHT="33" STYLEREFS="TXT_2 PAR_CENTER">
					<TextLine ID="P7_TL00008" HPOS="225" VPOS="1096" WIDTH="588" HEIGHT="32">
						<String ID="P7_ST00021" HPOS="225" VPOS="1096" WIDTH="139" HEIGHT="26" CONTENT="Translated" WC="0.74" CC="2044703010"/>
						<SP ID="P7_SP00015" HPOS="364" VPOS="1122" WIDTH="11"/>
						<String ID="P7_ST00022" HPOS="375" VPOS="1096" WIDTH="47" HEIGHT="25" CONTENT="and" WC="0.73" CC="322"/>
						<SP ID="P7_SP00016" HPOS="422" VPOS="1122" WIDTH="16"/>
						<String ID="P7_ST00023" HPOS="438" VPOS="1096" WIDTH="99" HEIGHT="32" CONTENT="adapted" WC="0.77" CC="0008070"/>
						<SP ID="P7_SP00017" HPOS="537" VPOS="1128" WIDTH="10"/>
						<String ID="P7_ST00024" HPOS="547" VPOS="1101" WIDTH="25" HEIGHT="20" CONTENT="to" WC="0.86" CC="02"/>
						<SP ID="P7_SP00018" HPOS="572" VPOS="1128" WIDTH="13"/>
						<String ID="P7_ST00025" HPOS="585" VPOS="1096" WIDTH="38" HEIGHT="25" CONTENT="the" WC="0.75" CC="070"/>
						<SP ID="P7_SP00019" HPOS="623" VPOS="1128" WIDTH="11"/>
						<String ID="P7_ST00026" HPOS="634" VPOS="1096" WIDTH="96" HEIGHT="32" CONTENT="English" WC="0.65" CC="0305077"/>
						<SP ID="P7_SP00020" HPOS="730" VPOS="1128" WIDTH="12"/>
						<String ID="P7_ST00027" HPOS="742" VPOS="1096" WIDTH="71" HEIGHT="32" CONTENT="Stage" WC="0.85" CC="21003"/>
					</TextLine>
				</TextBlock>
				<TextBlock ID="P7_TB00009" HPOS="492" VPOS="1192" WIDTH="43" HEIGHT="20" STYLEREFS="TXT_0 PAR_CENTER">
					<TextLine ID="P7_TL00009" HPOS="493" VPOS="1193" WIDTH="42" HEIGHT="19">
						<String ID="P7_ST00028" HPOS="493" VPOS="1193" WIDTH="42" HEIGHT="19" CONTENT="BY" WC="0.27" CC="86"/>
					</TextLine>
				</TextBlock>
				<TextBlock ID="P7_TB00010" HPOS="333" VPOS="1267" WIDTH="364" HEIGHT="32" STYLEREFS="TXT_1 PAR_CENTER">
					<TextLine ID="P7_TL00010" HPOS="334" VPOS="1267" WIDTH="363" HEIGHT="32">
						<String ID="P7_ST00029" HPOS="334" VPOS="1267" WIDTH="38" HEIGHT="31" CONTENT="R." WC="0.63" CC="70"/>
						<SP ID="P7_SP00021" HPOS="372" VPOS="1298" WIDTH="22"/>
						<String ID="P7_ST00030" HPOS="394" VPOS="1267" WIDTH="56" HEIGHT="31" CONTENT="W." WC="1.00" CC="00"/>
						<SP ID="P7_SP00022" HPOS="450" VPOS="1298" WIDTH="24"/>
						<String ID="P7_ST00031" HPOS="474" VPOS="1268" WIDTH="223" HEIGHT="31" CONTENT="ELLISTON." WC="0.68" CC="066000554"/>
					</TextLine>
				</TextBlock>
				<TextBlock ID="P7_TB00011" HPOS="442" VPOS="1491" WIDTH="133" HEIGHT="21" STYLEREFS="TXT_0 PAR_CENTER">
					<TextLine ID="P7_TL00011" HPOS="443" VPOS="1492" WIDTH="132" HEIGHT="20">
						<String ID="P7_ST00032" HPOS="443" VPOS="1492" WIDTH="132" HEIGHT="20" CONTENT="LONDON:" WC="0.58" CC="5235037"/>
					</TextLine>
				</TextBlock>
				<TextBlock ID="P7_TB00012" HPOS="80" VPOS="1555" WIDTH="851" HEIGHT="25" STYLEREFS="TXT_0 PAR_CENTER">
					<TextLine ID="P7_TL00012" HPOS="81" VPOS="1555" WIDTH="850" HEIGHT="25">
						<String ID="P7_ST00033" HPOS="81" VPOS="1555" WIDTH="131" HEIGHT="20" CONTENT="PRINTED" WC="0.28" CC="8778746"/>
						<SP ID="P7_SP00023" HPOS="212" VPOS="1575" WIDTH="13"/>
						<String ID="P7_ST00034" HPOS="225" VPOS="1559" WIDTH="39" HEIGHT="18" CONTENT="BY" WC="0.18" CC="78"/>
						<SP ID="P7_SP00024" HPOS="264" VPOS="1577" WIDTH="19"/>
						<String ID="P7_ST00035" HPOS="283" VPOS="1560" WIDTH="24" HEIGHT="17" CONTENT="C." WC="0.61" CC="52"/>
						<SP ID="P7_SP00025" HPOS="307" VPOS="1577" WIDTH="14"/>
						<String ID="P7_ST00036" HPOS="321" VPOS="1560" WIDTH="62" HEIGHT="17" CONTENT="AND" WC="0.29" CC="677"/>
						<SP ID="P7_SP00026" HPOS="383" VPOS="1577" WIDTH="14"/>
						<String ID="P7_ST00037" HPOS="397" VPOS="1560" WIDTH="26" HEIGHT="17" CONTENT="R." WC="0.52" CC="80"/>
						<SP ID="P7_SP00027" HPOS="423" VPOS="1577" WIDTH="15"/>
						<String ID="P7_ST00038" HPOS="438" VPOS="1559" WIDTH="150" HEIGHT="21" CONTENT="BALDWIN," WC="0.31" CC="67677387"/>
						<SP ID="P7_SP00028" HPOS="588" VPOS="1580" WIDTH="19"/>
						<String ID="P7_ST00039" HPOS="607" VPOS="1560" WIDTH="65" HEIGHT="17" CONTENT="NEW" WC="0.18" CC="878"/>
						<SP ID="P7_SP00029" HPOS="672" VPOS="1580" WIDTH="20"/>
						<String ID="P7_ST00040" HPOS="692" VPOS="1559" WIDTH="239" HEIGHT="18" CONTENT="BRIDGE-STREET." WC="0.54" CC="68153306683360"/>
					</TextLine>
				</TextBlock>
				<TextBlock ID="P7_TB00013" HPOS="464" VPOS="1635" WIDTH="90" HEIGHT="26" STYLEREFS="TXT_0 PAR_CENTER">
					<TextLine ID="P7_TL00013" HPOS="466" VPOS="1636" WIDTH="88" HEIGHT="25">
						<String ID="P7_ST00041" HPOS="466" VPOS="1636" WIDTH="88" HEIGHT="25" CONTENT="1805." WC="0.80" CC="10250"/>
					</TextLine>
				</TextBlock>
				<TextBlock ID="P7_TB00014" HPOS="268" VPOS="1692" WIDTH="466" HEIGHT="34" STYLEREFS="TXT_2 PAR_LEFT">
					<TextLine ID="P7_TL00014" HPOS="269" VPOS="1693" WIDTH="465" HEIGHT="33">
						<String ID="P7_ST00042" HPOS="269" VPOS="1693" WIDTH="82" HEIGHT="33" CONTENT="[Price" WC="0.58" CC="870045"/>
						<SP ID="P7_SP00030" HPOS="351" VPOS="1726" WIDTH="9"/>
						<String ID="P7_ST00043" HPOS="360" VPOS="1693" WIDTH="54" HEIGHT="27" CONTENT="Two" WC="0.56" CC="057"/>
						<SP ID="P7_SP00031" HPOS="414" VPOS="1726" WIDTH="11"/>
						<String ID="P7_ST00044" HPOS="425" VPOS="1693" WIDTH="113" HEIGHT="33" CONTENT="Shillings" WC="0.62" CC="570504504"/>
						<SP ID="P7_SP00032" HPOS="538" VPOS="1726" WIDTH="11"/>
						<String ID="P7_ST00045" HPOS="549" VPOS="1694" WIDTH="47" HEIGHT="26" CONTENT="and" WC="0.65" CC="540"/>
						<SP ID="P7_SP00033" HPOS="596" VPOS="1726" WIDTH="9"/>
						<String ID="P7_ST00046" HPOS="605" VPOS="1693" WIDTH="129" HEIGHT="33" CONTENT="Sixpence.~\" WC="0.46" CC="20646677258"/>
					</TextLine>
				</TextBlock>
			</PrintSpace>
		</Page>
	</Layout>
</alto>
